Workbook

Sheet Dashboard
A1: SALES ANALYSIS DASHBOARD
A2: Based on 100 sales records | 2026
A4: Total Sales | D4: Total Profit | G4: Total Orders | J4: Total Quantity
A5: =Summary!B2 | D5: =Summary!B3 | G5: =Summary!B4 | J5: =Summary!B5
A7: Average Sales | D7: Best Product | G7: Best Region | J7: Best Category
A8: =Summary!B6 | D8: =Summary!B7 | G8: =Summary!B8 | J8: =Summary!B9
A11: KEY INSIGHTS
A12: ="• Total sales generated: "&TEXT(Summary!B2,"#,##0")
A13: ="• Total profit generated: "&TEXT(Summary!B3,"#,##0.00")
A14: ="• Highest-sales product: "&Summary!B7
A15: ="• Highest-sales region: "&Summary!B8
A16: ="• Highest-sales category: "&Summary!B9
A17: ="• Total quantity sold: "&TEXT(Summary!B5,"#,##0")&" units"

Sheet Raw Data
A1: Order_ID | B1: Date | C1: Product | D1: Category | E1: Region | F1: Quantity | G1: Unit_Price | H1: Sales | I1: Profit
A2: 1001 | B2: 46029 | C2: Printer | D2: Electronics | E2: South | F2: 2 | G2: 15000 | H2: 30000 | I2: 6181.91
A3: 1002 | B3: 46049 | C3: Keyboard | D3: Electronics | E3: North | F3: 3 | G3: 1500 | H3: 4500 | I3: 877.68
A4: 1003 | B4: 46031 | C4: Pen Set | D4: Stationery | E4: South | F4: 7 | G4: 200 | H4: 1400 | I4: 119.09
A5: 1004 | B5: 46166 | C5: Keyboard | D5: Electronics | E5: West | F5: 1 | G5: 1500 | H5: 1500 | I5: 170.7
A6: 1005 | B6: 46173 | C6: Keyboard | D6: Electronics | E6: North | F6: 8 | G6: 1500 | H6: 12000 | I6: 1527.51
A7: 1006 | B7: 46201 | C7: Backpack | D7: Accessories | E7: East | F7: 3 | G7: 1800 | H7: 5400 | I7: 819.96
A8: 1007 | B8: 46109 | C8: Headphones | D8: Electronics | E8: West | F8: 4 | G8: 2500 | H8: 10000 | I8: 973.76
A9: 1008 | B9: 46111 | C9: Mobile | D9: Electronics | E9: North | F9: 6 | G9: 20000 | H9: 120000 | I9: 21916.01
A10: 1009 | B10: 46160 | C10: Tablet | D10: Electronics | E10: West | F10: 8 | G10: 25000 | H10: 200000 | I10: 20244.09
A11: 1010 | B11: 46183 | C11: Mobile | D11: Electronics | E11: East | F11: 5 | G11: 20000 | H11: 100000 | I11: 18514.84
A12: 1011 | B12: 46040 | C12: Pen Set | D12: Stationery | E12: South | F12: 4 | G12: 200 | H12: 800 | I12: 70.23
A13: 1012 | B13: 46043 | C13: Backpack | D13: Accessories | E13: North | F13: 5 | G13: 1800 | H13: 9000 | I13: 2028.64
... A101: 1100 | B101: 46035 | C101: Headphones | D101: Electronics | E101: North | F101: 8 | G101: 2500 | H101: 20000 | I101: 3495.18

Sheet Monthly Analysis
A1: Month | B1: Sales | C1: Profit | D1: Orders
A2: Jan 2026 | B2: =SUMIFS('Raw Data'!$H$2:$H$101,'Raw Data'!$B$2:$B$101,">="&DATE(YEAR(A2),MONTH(DATEVALUE("1-"&A2)),1),'Raw Data'!$B$2:$B$101,"<"&EDATE(DATE(YEAR(A2),MONTH(DATEVALUE("1-"&A2)),1),1)) | C2: =SUMIFS('Raw Data'!$I$2:$I$101,'Raw Data'!$B$2:$B$101,">="&DATE(YEAR(A2),MONTH(DATEVALUE("1-"&A2)),1),'Raw Data'!$B$2:$B$101,"<"&EDATE(DATE(YEAR(A2),MONTH(DATEVALUE("1-"&A2)),1),1)) | D2: =COUNTIFS('Raw Data'!$B$2:$B$101,">="&DATE(YEAR(A2),MONTH(DATEVALUE("1-"&A2)),1),'Raw Data'!$B$2:$B$101,"<"&EDATE(DATE(YEAR(A2),MONTH(DATEVALUE("1-"&A2)),1),1))
A3: Feb 2026 | B3: =SUMIFS('Raw Data'!$H$2:$H$101,'Raw Data'!$B$2:$B$101,">="&DATE(YEAR(A3),MONTH(DATEVALUE("1-"&A3)),1),'Raw Data'!$B$2:$B$101,"<"&EDATE(DATE(YEAR(A3),MONTH(DATEVALUE("1-"&A3)),1),1)) | C3: =SUMIFS('Raw Data'!$I$2:$I$101,'Raw Data'!$B$2:$B$101,">="&DATE(YEAR(A3),MONTH(DATEVALUE("1-"&A3)),1),'Raw Data'!$B$2:$B$101,"<"&EDATE(DATE(YEAR(A3),MONTH(DATEVALUE("1-"&A3)),1),1)) | D3: =COUNTIFS('Raw Data'!$B$2:$B$101,">="&DATE(YEAR(A3),MONTH(DATEVALUE("1-"&A3)),1),'Raw Data'!$B$2:$B$101,"<"&EDATE(DATE(YEAR(A3),MONTH(DATEVALUE("1-"&A3)),1),1))
A4: Mar 2026 | B4: =SUMIFS('Raw Data'!$H$2:$H$101,'Raw Data'!$B$2:$B$101,">="&DATE(YEAR(A4),MONTH(DATEVALUE("1-"&A4)),1),'Raw Data'!$B$2:$B$101,"<"&EDATE(DATE(YEAR(A4),MONTH(DATEVALUE("1-"&A4)),1),1)) | C4: =SUMIFS('Raw Data'!$I$2:$I$101,'Raw Data'!$B$2:$B$101,">="&DATE(YEAR(A4),MONTH(DATEVALUE("1-"&A4)),1),'Raw Data'!$B$2:$B$101,"<"&EDATE(DATE(YEAR(A4),MONTH(DATEVALUE("1-"&A4)),1),1)) | D4: =COUNTIFS('Raw Data'!$B$2:$B$101,">="&DATE(YEAR(A4),MONTH(DATEVALUE("1-"&A4)),1),'Raw Data'!$B$2:$B$101,"<"&EDATE(DATE(YEAR(A4),MONTH(DATEVALUE("1-"&A4)),1),1))
A5: Apr 2026 | B5: =SUMIFS('Raw Data'!$H$2:$H$101,'Raw Data'!$B$2:$B$101,">="&DATE(YEAR(A5),MONTH(DATEVALUE("1-"&A5)),1),'Raw Data'!$B$2:$B$101,"<"&EDATE(DATE(YEAR(A5),MONTH(DATEVALUE("1-"&A5)),1),1)) | C5: =SUMIFS('Raw Data'!$I$2:$I$101,'Raw Data'!$B$2:$B$101,">="&DATE(YEAR(A5),MONTH(DATEVALUE("1-"&A5)),1),'Raw Data'!$B$2:$B$101,"<"&EDATE(DATE(YEAR(A5),MONTH(DATEVALUE("1-"&A5)),1),1)) | D5: =COUNTIFS('Raw Data'!$B$2:$B$101,">="&DATE(YEAR(A5),MONTH(DATEVALUE("1-"&A5)),1),'Raw Data'!$B$2:$B$101,"<"&EDATE(DATE(YEAR(A5),MONTH(DATEVALUE("1-"&A5)),1),1))
A6: May 2026 | B6: =SUMIFS('Raw Data'!$H$2:$H$101,'Raw Data'!$B$2:$B$101,">="&DATE(YEAR(A6),MONTH(DATEVALUE("1-"&A6)),1),'Raw Data'!$B$2:$B$101,"<"&EDATE(DATE(YEAR(A6),MONTH(DATEVALUE("1-"&A6)),1),1)) | C6: =SUMIFS('Raw Data'!$I$2:$I$101,'Raw Data'!$B$2:$B$101,">="&DATE(YEAR(A6),MONTH(DATEVALUE("1-"&A6)),1),'Raw Data'!$B$2:$B$101,"<"&EDATE(DATE(YEAR(A6),MONTH(DATEVALUE("1-"&A6)),1),1)) | D6: =COUNTIFS('Raw Data'!$B$2:$B$101,">="&DATE(YEAR(A6),MONTH(DATEVALUE("1-"&A6)),1),'Raw Data'!$B$2:$B$101,"<"&EDATE(DATE(YEAR(A6),MONTH(DATEVALUE("1-"&A6)),1),1))
A7: Jun 2026 | B7: =SUMIFS('Raw Data'!$H$2:$H$101,'Raw Data'!$B$2:$B$101,">="&DATE(YEAR(A7),MONTH(DATEVALUE("1-"&A7)),1),'Raw Data'!$B$2:$B$101,"<"&EDATE(DATE(YEAR(A7),MONTH(DATEVALUE("1-"&A7)),1),1)) | C7: =SUMIFS('Raw Data'!$I$2:$I$101,'Raw Data'!$B$2:$B$101,">="&DATE(YEAR(A7),MONTH(DATEVALUE("1-"&A7)),1),'Raw Data'!$B$2:$B$101,"<"&EDATE(DATE(YEAR(A7),MONTH(DATEVALUE("1-"&A7)),1),1)) | D7: =COUNTIFS('Raw Data'!$B$2:$B$101,">="&DATE(YEAR(A7),MONTH(DATEVALUE("1-"&A7)),1),'Raw Data'!$B$2:$B$101,"<"&EDATE(DATE(YEAR(A7),MONTH(DATEVALUE("1-"&A7)),1),1))

Sheet Region Analysis
A1: Region | B1: Sales | C1: Profit | D1: Orders | E1: Quantity
A2: North | B2: =SUMIF('Raw Data'!$E$2:$E$101,A2,'Raw Data'!$H$2:$H$101) | C2: =SUMIF('Raw Data'!$E$2:$E$101,A2,'Raw Data'!$I$2:$I$101) | D2: =COUNTIF('Raw Data'!$E$2:$E$101,A2) | E2: =SUMIF('Raw Data'!$E$2:$E$101,A2,'Raw Data'!$F$2:$F$101)
A3: South | B3: =SUMIF('Raw Data'!$E$2:$E$101,A3,'Raw Data'!$H$2:$H$101) | C3: =SUMIF('Raw Data'!$E$2:$E$101,A3,'Raw Data'!$I$2:$I$101) | D3: =COUNTIF('Raw Data'!$E$2:$E$101,A3) | E3: =SUMIF('Raw Data'!$E$2:$E$101,A3,'Raw Data'!$F$2:$F$101)
A4: East | B4: =SUMIF('Raw Data'!$E$2:$E$101,A4,'Raw Data'!$H$2:$H$101) | C4: =SUMIF('Raw Data'!$E$2:$E$101,A4,'Raw Data'!$I$2:$I$101) | D4: =COUNTIF('Raw Data'!$E$2:$E$101,A4) | E4: =SUMIF('Raw Data'!$E$2:$E$101,A4,'Raw Data'!$F$2:$F$101)
A5: West | B5: =SUMIF('Raw Data'!$E$2:$E$101,A5,'Raw Data'!$H$2:$H$101) | C5: =SUMIF('Raw Data'!$E$2:$E$101,A5,'Raw Data'!$I$2:$I$101) | D5: =COUNTIF('Raw Data'!$E$2:$E$101,A5) | E5: =SUMIF('Raw Data'!$E$2:$E$101,A5,'Raw Data'!$F$2:$F$101)

Sheet Category Analysis
A1: Category | B1: Sales | C1: Profit | D1: Orders | E1: Quantity
A2: Electronics | B2: =SUMIF('Raw Data'!$D$2:$D$101,A2,'Raw Data'!$H$2:$H$101) | C2: =SUMIF('Raw Data'!$D$2:$D$101,A2,'Raw Data'!$I$2:$I$101) | D2: =COUNTIF('Raw Data'!$D$2:$D$101,A2) | E2: =SUMIF('Raw Data'!$D$2:$D$101,A2,'Raw Data'!$F$2:$F$101)
A3: Furniture | B3: =SUMIF('Raw Data'!$D$2:$D$101,A3,'Raw Data'!$H$2:$H$101) | C3: =SUMIF('Raw Data'!$D$2:$D$101,A3,'Raw Data'!$I$2:$I$101) | D3: =COUNTIF('Raw Data'!$D$2:$D$101,A3) | E3: =SUMIF('Raw Data'!$D$2:$D$101,A3,'Raw Data'!$F$2:$F$101)
A4: Accessories | B4: =SUMIF('Raw Data'!$D$2:$D$101,A4,'Raw Data'!$H$2:$H$101) | C4: =SUMIF('Raw Data'!$D$2:$D$101,A4,'Raw Data'!$I$2:$I$101) | D4: =COUNTIF('Raw Data'!$D$2:$D$101,A4) | E4: =SUMIF('Raw Data'!$D$2:$D$101,A4,'Raw Data'!$F$2:$F$101)
A5: Stationery | B5: =SUMIF('Raw Data'!$D$2:$D$101,A5,'Raw Data'!$H$2:$H$101) | C5: =SUMIF('Raw Data'!$D$2:$D$101,A5,'Raw Data'!$I$2:$I$101) | D5: =COUNTIF('Raw Data'!$D$2:$D$101,A5) | E5: =SUMIF('Raw Data'!$D$2:$D$101,A5,'Raw Data'!$F$2:$F$101)

Sheet Product Analysis
A1: Product | B1: Sales | C1: Profit | D1: Quantity | E1: Orders
A2: Tablet | B2: =SUMIF('Raw Data'!$C$2:$C$101,A2,'Raw Data'!$H$2:$H$101) | C2: =SUMIF('Raw Data'!$C$2:$C$101,A2,'Raw Data'!$I$2:$I$101) | D2: =SUMIF('Raw Data'!$C$2:$C$101,A2,'Raw Data'!$F$2:$F$101) | E2: =COUNTIF('Raw Data'!$C$2:$C$101,A2)
A3: Mobile | B3: =SUMIF('Raw Data'!$C$2:$C$101,A3,'Raw Data'!$H$2:$H$101) | C3: =SUMIF('Raw Data'!$C$2:$C$101,A3,'Raw Data'!$I$2:$I$101) | D3: =SUMIF('Raw Data'!$C$2:$C$101,A3,'Raw Data'!$F$2:$F$101) | E3: =COUNTIF('Raw Data'!$C$2:$C$101,A3)
A4: Laptop | B4: =SUMIF('Raw Data'!$C$2:$C$101,A4,'Raw Data'!$H$2:$H$101) | C4: =SUMIF('Raw Data'!$C$2:$C$101,A4,'Raw Data'!$I$2:$I$101) | D4: =SUMIF('Raw Data'!$C$2:$C$101,A4,'Raw Data'!$F$2:$F$101) | E4: =COUNTIF('Raw Data'!$C$2:$C$101,A4)
A5: Printer | B5: =SUMIF('Raw Data'!$C$2:$C$101,A5,'Raw Data'!$H$2:$H$101) | C5: =SUMIF('Raw Data'!$C$2:$C$101,A5,'Raw Data'!$I$2:$I$101) | D5: =SUMIF('Raw Data'!$C$2:$C$101,A5,'Raw Data'!$F$2:$F$101) | E5: =COUNTIF('Raw Data'!$C$2:$C$101,A5)
A6: Monitor | B6: =SUMIF('Raw Data'!$C$2:$C$101,A6,'Raw Data'!$H$2:$H$101) | C6: =SUMIF('Raw Data'!$C$2:$C$101,A6,'Raw Data'!$I$2:$I$101) | D6: =SUMIF('Raw Data'!$C$2:$C$101,A6,'Raw Data'!$F$2:$F$101) | E6: =COUNTIF('Raw Data'!$C$2:$C$101,A6)
A7: Office Chair | B7: =SUMIF('Raw Data'!$C$2:$C$101,A7,'Raw Data'!$H$2:$H$101) | C7: =SUMIF('Raw Data'!$C$2:$C$101,A7,'Raw Data'!$I$2:$I$101) | D7: =SUMIF('Raw Data'!$C$2:$C$101,A7,'Raw Data'!$F$2:$F$101) | E7: =COUNTIF('Raw Data'!$C$2:$C$101,A7)
A8: Desk | B8: =SUMIF('Raw Data'!$C$2:$C$101,A8,'Raw Data'!$H$2:$H$101) | C8: =SUMIF('Raw Data'!$C$2:$C$101,A8,'Raw Data'!$I$2:$I$101) | D8: =SUMIF('Raw Data'!$C$2:$C$101,A8,'Raw Data'!$F$2:$F$101) | E8: =COUNTIF('Raw Data'!$C$2:$C$101,A8)
A9: Bookshelf | B9: =SUMIF('Raw Data'!$C$2:$C$101,A9,'Raw Data'!$H$2:$H$101) | C9: =SUMIF('Raw Data'!$C$2:$C$101,A9,'Raw Data'!$I$2:$I$101) | D9: =SUMIF('Raw Data'!$C$2:$C$101,A9,'Raw Data'!$F$2:$F$101) | E9: =COUNTIF('Raw Data'!$C$2:$C$101,A9)
A10: Headphones | B10: =SUMIF('Raw Data'!$C$2:$C$101,A10,'Raw Data'!$H$2:$H$101) | C10: =SUMIF('Raw Data'!$C$2:$C$101,A10,'Raw Data'!$I$2:$I$101) | D10: =SUMIF('Raw Data'!$C$2:$C$101,A10,'Raw Data'!$F$2:$F$101) | E10: =COUNTIF('Raw Data'!$C$2:$C$101,A10)
A11: Keyboard | B11: =SUMIF('Raw Data'!$C$2:$C$101,A11,'Raw Data'!$H$2:$H$101) | C11: =SUMIF('Raw Data'!$C$2:$C$101,A11,'Raw Data'!$I$2:$I$101) | D11: =SUMIF('Raw Data'!$C$2:$C$101,A11,'Raw Data'!$F$2:$F$101) | E11: =COUNTIF('Raw Data'!$C$2:$C$101,A11)
A12: Backpack | B12: =SUMIF('Raw Data'!$C$2:$C$101,A12,'Raw Data'!$H$2:$H$101) | C12: =SUMIF('Raw Data'!$C$2:$C$101,A12,'Raw Data'!$I$2:$I$101) | D12: =SUMIF('Raw Data'!$C$2:$C$101,A12,'Raw Data'!$F$2:$F$101) | E12: =COUNTIF('Raw Data'!$C$2:$C$101,A12)
A13: USB Drive | B13: =SUMIF('Raw Data'!$C$2:$C$101,A13,'Raw Data'!$H$2:$H$101) | C13: =SUMIF('Raw Data'!$C$2:$C$101,A13,'Raw Data'!$I$2:$I$101) | D13: =SUMIF('Raw Data'!$C$2:$C$101,A13,'Raw Data'!$F$2:$F$101) | E13: =COUNTIF('Raw Data'!$C$2:$C$101,A13)
... A16: Notebook | B16: =SUMIF('Raw Data'!$C$2:$C$101,A16,'Raw Data'!$H$2:$H$101) | C16: =SUMIF('Raw Data'!$C$2:$C$101,A16,'Raw Data'!$I$2:$I$101) | D16: =SUMIF('Raw Data'!$C$2:$C$101,A16,'Raw Data'!$F$2:$F$101) | E16: =COUNTIF('Raw Data'!$C$2:$C$101,A16)

Sheet Top 5 Products
A1: Product | B1: Sales | C1: Profit | D1: Quantity | E1: Orders
A2: =INDEX('Product Analysis'!$A$2:$A$16,MATCH(LARGE('Product Analysis'!$B$2:$B$16,1),'Product Analysis'!$B$2:$B$16,0)) | B2: =LARGE('Product Analysis'!$B$2:$B$16,1) | C2: =INDEX('Product Analysis'!$C$2:$C$16,MATCH(B2,'Product Analysis'!$B$2:$B$16,0)) | D2: =INDEX('Product Analysis'!$D$2:$D$16,MATCH(B2,'Product Analysis'!$B$2:$B$16,0)) | E2: =INDEX('Product Analysis'!$E$2:$E$16,MATCH(B2,'Product Analysis'!$B$2:$B$16,0))
A3: =INDEX('Product Analysis'!$A$2:$A$16,MATCH(LARGE('Product Analysis'!$B$2:$B$16,2),'Product Analysis'!$B$2:$B$16,0)) | B3: =LARGE('Product Analysis'!$B$2:$B$16,2) | C3: =INDEX('Product Analysis'!$C$2:$C$16,MATCH(B3,'Product Analysis'!$B$2:$B$16,0)) | D3: =INDEX('Product Analysis'!$D$2:$D$16,MATCH(B3,'Product Analysis'!$B$2:$B$16,0)) | E3: =INDEX('Product Analysis'!$E$2:$E$16,MATCH(B3,'Product Analysis'!$B$2:$B$16,0))
A4: =INDEX('Product Analysis'!$A$2:$A$16,MATCH(LARGE('Product Analysis'!$B$2:$B$16,3),'Product Analysis'!$B$2:$B$16,0)) | B4: =LARGE('Product Analysis'!$B$2:$B$16,3) | C4: =INDEX('Product Analysis'!$C$2:$C$16,MATCH(B4,'Product Analysis'!$B$2:$B$16,0)) | D4: =INDEX('Product Analysis'!$D$2:$D$16,MATCH(B4,'Product Analysis'!$B$2:$B$16,0)) | E4: =INDEX('Product Analysis'!$E$2:$E$16,MATCH(B4,'Product Analysis'!$B$2:$B$16,0))
A5: =INDEX('Product Analysis'!$A$2:$A$16,MATCH(LARGE('Product Analysis'!$B$2:$B$16,4),'Product Analysis'!$B$2:$B$16,0)) | B5: =LARGE('Product Analysis'!$B$2:$B$16,4) | C5: =INDEX('Product Analysis'!$C$2:$C$16,MATCH(B5,'Product Analysis'!$B$2:$B$16,0)) | D5: =INDEX('Product Analysis'!$D$2:$D$16,MATCH(B5,'Product Analysis'!$B$2:$B$16,0)) | E5: =INDEX('Product Analysis'!$E$2:$E$16,MATCH(B5,'Product Analysis'!$B$2:$B$16,0))
A6: =INDEX('Product Analysis'!$A$2:$A$16,MATCH(LARGE('Product Analysis'!$B$2:$B$16,5),'Product Analysis'!$B$2:$B$16,0)) | B6: =LARGE('Product Analysis'!$B$2:$B$16,5) | C6: =INDEX('Product Analysis'!$C$2:$C$16,MATCH(B6,'Product Analysis'!$B$2:$B$16,0)) | D6: =INDEX('Product Analysis'!$D$2:$D$16,MATCH(B6,'Product Analysis'!$B$2:$B$16,0)) | E6: =INDEX('Product Analysis'!$E$2:$E$16,MATCH(B6,'Product Analysis'!$B$2:$B$16,0))

Sheet Summary
A1: Metric | B1: Value
A2: Total Sales | B2: =SUM('Raw Data'!$H$2:$H$101)
A3: Total Profit | B3: =SUM('Raw Data'!$I$2:$I$101)
A4: Total Orders | B4: =COUNTA('Raw Data'!$A$2:$A$101)
A5: Total Quantity | B5: =SUM('Raw Data'!$F$2:$F$101)
A6: Average Sales | B6: =AVERAGE('Raw Data'!$H$2:$H$101)
A7: Best Product | B7: =INDEX('Product Analysis'!$A$2:$A$16,MATCH(MAX('Product Analysis'!$B$2:$B$16),'Product Analysis'!$B$2:$B$16,0))
A8: Best Region | B8: =INDEX('Region Analysis'!$A$2:$A$5,MATCH(MAX('Region Analysis'!$B$2:$B$5),'Region Analysis'!$B$2:$B$5,0))
A9: Best Category | B9: =INDEX('Category Analysis'!$A$2:$A$5,MATCH(MAX('Category Analysis'!$B$2:$B$5),'Category Analysis'!$B$2:$B$5,0))
